round,slice,frame,object_ref,cell,what,why,severity,owner,rule_id,evidence,action,rules_version,note
calib,C0,adasind_019560.jpg,R1,na,MISSING,E1_annotator_error,P1,annotator,R03,calib_missed_bike,rework,v1.0.0,Bo sot xe may di cung chieu
calib,C0,adasind_019560.jpg,R2,na,MISSING,E1_annotator_error,P1,annotator,R03,calib_missed_bike,rework,v1.0.0,Bo sot xe may lane giua
calib,C0,adasind_019560.jpg,R3,na,MISSING,E1_annotator_error,P2,annotator,R04,calib_missed_threewheeler,keep_with_reason,v1.0.0,ThreeWheeler o ria meo
calib,C0,adasind_019560.jpg,R4,na,MISSING,E1_annotator_error,P2,annotator,R03,calib_missed_bike_edge,keep_with_reason,v1.0.0,Xe may gan vien mep
calib,C0,adasind_019560.jpg,R5,na,MISSING,E1_annotator_error,P1,annotator,R04,calib_missed_auto_rickshaw,rework,v1.0.0,Xe ba banh trung tam
calib,C0,adasind_019560.jpg,R6,na,MISSING,E1_annotator_error,P2,annotator,R04,calib_missed_threewheeler,keep_with_reason,v1.0.0,Xe ba banh ben trai
r2_qa,B2-mid,adasind_060000.jpg,L1,L_only,STRUCTURE,,P2,qa,R04,three_wheeler_auto_rickshaw,keep_with_reason,v1.0.0,QA xac nhan dung ThreeWheeler
r2_qa,B2-mid,adasind_086220.jpg,L2,L_only,BOX_GEOMETRY,,P2,qa,R03,rider_merged_bike,keep_with_reason,v1.0.0,QA xac nhan gop nguoi va xe Bike
r2_qa,B2-mid,adasind_102750.jpg,L1,L_only,STRUCTURE,,P2,qa,R01,truck_height_over_40px,keep_with_reason,v1.0.0,QA xac nhan xe tai du chieu cao
r1_craft,B4-mid,adasind_261480.jpg,L9+R7,na,ATTRIBUTE,E1_annotator_error,P2,annotator,R05,occluded_mismatch,rework,v1.0.0,Chua danh dau occluded
r1_craft,B4-mid,adasind_261480.jpg,L1+R2,na,ATTRIBUTE,E1_annotator_error,P2,annotator,R05,truncated_mismatch,rework,v1.0.0,Chua danh dau truncated
r1_craft,B4-mid,adasind_261480.jpg,L3,na,SPURIOUS,E1_annotator_error,P1,annotator,R01,pedestrian_under_height,rework,v1.0.0,Vat nho duoi 40px van ve box
r1_craft,B4-mid,adasind_261480.jpg,L4,na,SPURIOUS,E1_annotator_error,P1,annotator,R01,bike_background_spurious,rework,v1.0.0,Xe trong ngo khong di chuyen
r1_craft,B4-mid,adasind_265065.jpg,L4,na,IGNORE_SCOPE,E1_annotator_error,P0,annotator,R09,box_inside_ignore,rework,v1.0.0,Box nam trong vung ignore
r1_craft,B4-mid,adasind_265065.jpg,L3+R3,na,WRONG_CLASS,E1_annotator_error,P1,annotator,R04,truck_vs_threewheeler,rework,v1.0.0,Gan nham Truck thay vi ThreeWheeler
r1_craft,B4-mid,adasind_265065.jpg,R1,na,MISSING,E1_annotator_error,P1,annotator,R01,pedestrian_missed,rework,v1.0.0,Bo sot nguoi di bo ro rang
r1_craft,B4-mid,adasind_265065.jpg,R5,na,MISSING,E1_annotator_error,P1,annotator,R03,bike_missed,rework,v1.0.0,Bo sot xe may lane trai
r1_craft,B4-mid,adasind_265065.jpg,R6,na,MISSING,E1_annotator_error,P1,annotator,R01,car_missed,rework,v1.0.0,Bo sot oto phia truoc
r1_craft,B4-mid,adasind_265065.jpg,R7,na,MISSING,E0_reference_defect,P2,guideline,R01,reference_box_ambiguous,escalate,v1.0.0,Vat qua mo reference van bat box
r1_craft,B4-mid,adasind_265065.jpg,R8,na,MISSING,E1_annotator_error,P1,annotator,R03,bike_missed_right,rework,v1.0.0,Bo sot xe may ben phai
r3_diag,B4-mid,adasind_249480.jpg,M2,M_only,SPURIOUS,E4_model_domain,P3,ai_team,R02,model_fisheye_hallucination,keep_with_reason,v1.0.0,Model bat nham bien bao o ria
r3_diag,B4-mid,adasind_249480.jpg,M4,M_only,SPURIOUS,E4_model_domain,P3,ai_team,R02,model_fisheye_artifact,keep_with_reason,v1.0.0,Model nham cot den thanh nguoi
r3_diag,B4-mid,adasind_249480.jpg,M6,M_only,SPURIOUS,E4_model_domain,P3,ai_team,R02,model_fisheye_shadow,keep_with_reason,v1.0.0,Model nham bong cay tren duong
r3_diag,B4-mid,adasind_261480.jpg,L6+R6,LR_noM,MISSING,E4_model_domain,P2,ai_team,R01,model_missed_bike,keep_with_reason,v1.0.0,Model bo sot xe may bi meo goc
r3_diag,B4-mid,adasind_261480.jpg,L7+R4,LR_noM,MISSING,E4_model_domain,P2,ai_team,R01,model_missed_pedestrian,keep_with_reason,v1.0.0,Model bo sot nguoi di bo canh xe
r3_diag,B4-mid,adasind_261480.jpg,L5+R5,LR_noM,MISSING,E4_model_domain,P2,ai_team,R01,model_missed_threewheeler,keep_with_reason,v1.0.0,Model bo sot xe ba banh bi che
r3_diag,B4-mid,adasind_261480.jpg,L3,L_only,SPURIOUS,E1_annotator_error,P1,annotator,R01,annotator_small_pedestrian,rework,v1.0.0,Nguoi gan nhan ve box duoi 40px
r3_diag,B4-mid,adasind_261480.jpg,L4,L_only,SPURIOUS,E1_annotator_error,P1,annotator,R01,annotator_static_bike,rework,v1.0.0,Nguoi gan nhan ve xe trong nha
r3_diag,B4-mid,adasind_261480.jpg,M2,M_only,SPURIOUS,E4_model_domain,P3,ai_team,R02,model_building_edge,keep_with_reason,v1.0.0,Model nham go tuong thanh xe
r3_diag,B4-mid,adasind_261480.jpg,M5,M_only,SPURIOUS,E4_model_domain,P3,ai_team,R02,model_tree_trunk,keep_with_reason,v1.0.0,Model nham goc cay thanh nguoi
r3_diag,B4-mid,adasind_261480.jpg,M6,M_only,SPURIOUS,E4_model_domain,P3,ai_team,R02,model_pavement_mark,keep_with_reason,v1.0.0,Model nham vach son tren he
r3_diag,B4-mid,adasind_261480.jpg,M8,M_only,SPURIOUS,E4_model_domain,P3,ai_team,R02,model_pole_sign,keep_with_reason,v1.0.0,Model nham bien quang cao
r3_diag,B4-mid,adasind_261480.jpg,M10,M_only,SPURIOUS,E4_model_domain,P3,ai_team,R02,model_wall_texture,keep_with_reason,v1.0.0,Model nham hoa van tuong
r3_diag,B4-mid,adasind_261480.jpg,M11,M_only,SPURIOUS,E4_model_domain,P3,ai_team,R02,model_sun_reflection,keep_with_reason,v1.0.0,Model nham vet nang chieu
r3_diag,B4-mid,adasind_261480.jpg,M12,M_only,SPURIOUS,E4_model_domain,P3,ai_team,R02,model_corner_artifact,keep_with_reason,v1.0.0,Model nham goc meo ong kinh
r3_diag,B4-mid,adasind_261480.jpg,M13,M_only,SPURIOUS,E4_model_domain,P3,ai_team,R02,model_distant_clutter,keep_with_reason,v1.0.0,Model nham rac ven duong
r3_diag,B4-mid,adasind_265065.jpg,L3,L_only,SPURIOUS,E1_annotator_error,P1,annotator,R04,annotator_class_confusion,rework,v1.0.0,Nguoi gan nhan sai class
r3_diag,B4-mid,adasind_265065.jpg,R1+M3,RM_noL,MISSING,E1_annotator_error,P1,annotator,R01,missed_pedestrian_visible,rework,v1.0.0,Bo sot nguoi qua duong ro rang
r3_diag,B4-mid,adasind_265065.jpg,R3+M1,RM_noL,MISSING,E1_annotator_error,P1,annotator,R04,missed_threewheeler_tuk,rework,v1.0.0,Bo sot xe tuk tuk
r3_diag,B4-mid,adasind_265065.jpg,R5+M7,RM_noL,MISSING,E1_annotator_error,P1,annotator,R03,missed_bike_lane,rework,v1.0.0,Bo sot xe may chay truoc
r3_diag,B4-mid,adasind_265065.jpg,R6+M6,RM_noL,MISSING,E1_annotator_error,P1,annotator,R01,missed_car_straight,rework,v1.0.0,Bo sot oto con chay thang
r3_diag,B4-mid,adasind_265065.jpg,R7,R_only,MISSING,E0_reference_defect,P2,guideline,R01,reference_overannotation,escalate,v1.0.0,Doi tuong khuat mat sau goc cay
r3_diag,B4-mid,adasind_265065.jpg,R8+M5,RM_noL,MISSING,E1_annotator_error,P1,annotator,R03,missed_bike_edge,rework,v1.0.0,Bo sot xe may mep phai
r3_diag,B4-mid,adasind_265065.jpg,M8,M_only,SPURIOUS,E4_model_domain,P3,ai_team,R02,model_edge_clutter,keep_with_reason,v1.0.0,Model nham bui cay ven duong
